{
    "avg_prec": 0.9975523781141113,
    "roc_auc": 0.9994875056886351
}